<?xml version="1.0" encoding="UTF-8"?>
<allClasses>
   <apiPackage id="__Global__">
      <apiName>__Global__</apiName>
      <apiDetail/>
      <apiClassifier id="globalClassifier:Main">
         <apiName>Main</apiName>
         <shortdesc/>
         <prolog>
            <asMetadata/>
         </prolog>
            <meta name="keywords" content="Main,globalClassifier.Main,init"/>
         <apiClassifierDetail>
            <apiClassifierDef>
               <apiAccess value="public"/>
               <apiStatic/>
               <apiBaseClassifier>flash.display:Sprite</apiBaseClassifier>
            </apiClassifierDef>
            <Inheritancelist>
               <BaseInterface/>
               <Inheritance>
                  <Inherit id="flash.display:Sprite"/>
               </Inheritance>
               <Implements/>
               <Subclasses/>
               <Implementors/>
               <Excludes/>
            </Inheritancelist>
         </apiClassifierDetail>
      </apiClassifier>
   </apiPackage>
   <apiPackage id="view">
      <apiName>view</apiName>
      <apiDetail/>
      <apiClassifier id="view:TFComponent">
         <apiName>TFComponent</apiName>
         <shortdesc/>
         <prolog>
            <asMetadata/>
         </prolog>
            <meta name="keywords" content="TFComponent,view.TFComponent,init"/>
         <apiClassifierDetail>
            <apiClassifierDef>
               <apiAccess value="public"/>
               <apiStatic/>
               <apiBaseClassifier>flash.display:Sprite</apiBaseClassifier>
            </apiClassifierDef>
            <Inheritancelist>
               <BaseInterface/>
               <Inheritance>
                  <Inherit id="flash.display:Sprite"/>
               </Inheritance>
               <Implements/>
               <Subclasses/>
               <Implementors/>
               <Excludes/>
            </Inheritancelist>
         </apiClassifierDetail>
      </apiClassifier>
   </apiPackage>
</allClasses>