<?xml version="1.0" encoding="UTF-8"?>
<allClasses>
   <apiPackage id="__Global__">
      <apiName>__Global__</apiName>
      <apiClassifier id="globalClassifier:Main">
         <apiName>Main</apiName>
         <shortdesc/>
         <apiClassifierDetail>
            <apiClassifierDef>
               <apiAccess value="public"/>
               <apiStatic/>
               <apiBaseClassifier>flash.display:Sprite</apiBaseClassifier>
            </apiClassifierDef>
         </apiClassifierDetail>
      </apiClassifier>
   </apiPackage>
   <apiPackage id="view">
      <apiName>view</apiName>
      <apiClassifier id="view:TFComponent">
         <apiName>TFComponent</apiName>
         <shortdesc/>
         <apiClassifierDetail>
            <apiClassifierDef>
               <apiAccess value="public"/>
               <apiStatic/>
               <apiBaseClassifier>flash.display:Sprite</apiBaseClassifier>
            </apiClassifierDef>
         </apiClassifierDetail>
      </apiClassifier>
   </apiPackage>
</allClasses>