<?xml version="1.0" encoding="UTF-8"?>
<allClasses>
   <apiPackage id="__Global__">
      <apiName>__Global__</apiName>
      <apiClassifier id="globalClassifier:Main">
         <apiName>Main</apiName>
         <apiClassifierDetail>
            <apiClassifierDef>
               <apiAccess value="public"/>
               <apiStatic/>
               <apiBaseClassifier>flash.display:Sprite</apiBaseClassifier>
            </apiClassifierDef>
         </apiClassifierDetail>
         <prolog>
            <asMetadata/>
         </prolog>
      </apiClassifier>
   </apiPackage>
   <apiPackage id="view">
      <apiName>view</apiName>
      <apiClassifier id="view:TFComponent">
         <apiName>TFComponent</apiName>
         <apiClassifierDetail>
            <apiClassifierDef>
               <apiAccess value="public"/>
               <apiStatic/>
               <apiBaseClassifier>flash.display:Sprite</apiBaseClassifier>
            </apiClassifierDef>
         </apiClassifierDetail>
         <prolog>
            <asMetadata/>
         </prolog>
      </apiClassifier>
   </apiPackage>
</allClasses>